Date,Year,Month,Week,Day,Dayofweek,Dayofyear,Is_month_end,Is_month_start,Is_quarter_end,Is_quarter_start,Is_year_end,Is_year_start,mon_fri
2013-10-08,2013,10,41,8,1,281,False,False,False,False,False,False,1
2013-10-09,2013,10,41,9,2,282,False,False,False,False,False,False,1
2013-10-10,2013,10,41,10,3,283,False,False,False,False,False,False,1
2013-10-11,2013,10,41,11,4,284,False,False,False,False,False,False,1
2013-10-14,2013,10,42,14,0,287,False,False,False,False,False,False,1
2013-10-15,2013,10,42,15,1,288,False,False,False,False,False,False,1
2013-10-17,2013,10,42,17,3,290,False,False,False,False,False,False,1
2013-10-18,2013,10,42,18,4,291,False,False,False,False,False,False,1
2013-10-21,2013,10,43,21,0,294,False,False,False,False,False,False,1
2013-10-22,2013,10,43,22,1,295,False,False,False,False,False,False,1
2013-10-23,2013,10,43,23,2,296,False,False,False,False,False,False,1
2013-10-24,2013,10,43,24,3,297,False,False,False,False,False,False,1
2013-10-25,2013,10,43,25,4,298,False,False,False,False,False,False,1
2013-10-28,2013,10,44,28,0,301,False,False,False,False,False,False,1
2013-10-29,2013,10,44,29,1,302,False,False,False,False,False,False,1
2013-10-30,2013,10,44,30,2,303,False,False,False,False,False,False,1
2013-10-31,2013,10,44,31,3,304,True,False,False,False,False,False,1
2013-11-01,2013,11,44,1,4,305,False,True,False,False,False,False,1
2013-11-03,2013,11,44,3,6,307,False,False,False,False,False,False,1
2013-11-05,2013,11,45,5,1,309,False,False,False,False,False,False,1
2013-11-06,2013,11,45,6,2,310,False,False,False,False,False,False,1
2013-11-07,2013,11,45,7,3,311,False,False,False,False,False,False,1
2013-11-08,2013,11,45,8,4,312,False,False,False,False,False,False,1
2013-11-11,2013,11,46,11,0,315,False,False,False,False,False,False,1
2013-11-12,2013,11,46,12,1,316,False,False,False,False,False,False,1
2013-11-13,2013,11,46,13,2,317,False,False,False,False,False,False,1
2013-11-14,2013,11,46,14,3,318,False,False,False,False,False,False,1
2013-11-18,2013,11,47,18,0,322,False,False,False,False,False,False,1
2013-11-19,2013,11,47,19,1,323,False,False,False,False,False,False,1
2013-11-20,2013,11,47,20,2,324,False,False,False,False,False,False,1
2013-11-21,2013,11,47,21,3,325,False,False,False,False,False,False,1
2013-11-22,2013,11,47,22,4,326,False,False,False,False,False,False,1
2013-11-25,2013,11,48,25,0,329,False,False,False,False,False,False,1
2013-11-26,2013,11,48,26,1,330,False,False,False,False,False,False,1
2013-11-27,2013,11,48,27,2,331,False,False,False,False,False,False,1
2013-11-28,2013,11,48,28,3,332,False,False,False,False,False,False,1
2013-11-29,2013,11,48,29,4,333,False,False,False,False,False,False,1
2013-12-02,2013,12,49,2,0,336,False,False,False,False,False,False,1
2013-12-03,2013,12,49,3,1,337,False,False,False,False,False,False,1
2013-12-04,2013,12,49,4,2,338,False,False,False,False,False,False,1
2013-12-05,2013,12,49,5,3,339,False,False,False,False,False,False,1
2013-12-06,2013,12,49,6,4,340,False,False,False,False,False,False,1
2013-12-09,2013,12,50,9,0,343,False,False,False,False,False,False,1
2013-12-10,2013,12,50,10,1,344,False,False,False,False,False,False,1
2013-12-11,2013,12,50,11,2,345,False,False,False,False,False,False,1
2013-12-12,2013,12,50,12,3,346,False,False,False,False,False,False,1
2013-12-13,2013,12,50,13,4,347,False,False,False,False,False,False,1
2013-12-16,2013,12,51,16,0,350,False,False,False,False,False,False,1
2013-12-17,2013,12,51,17,1,351,False,False,False,False,False,False,1
2013-12-18,2013,12,51,18,2,352,False,False,False,False,False,False,1
2013-12-19,2013,12,51,19,3,353,False,False,False,False,False,False,1
2013-12-20,2013,12,51,20,4,354,False,False,False,False,False,False,1
2013-12-23,2013,12,52,23,0,357,False,False,False,False,False,False,1
2013-12-24,2013,12,52,24,1,358,False,False,False,False,False,False,1
2013-12-26,2013,12,52,26,3,360,False,False,False,False,False,False,1
2013-12-27,2013,12,52,27,4,361,False,False,False,False,False,False,1
2013-12-30,2013,12,1,30,0,364,False,False,False,False,False,False,1
2013-12-31,2013,12,1,31,1,365,True,False,True,False,True,False,1
2014-01-01,2014,1,1,1,2,1,False,True,False,True,False,True,1
2014-01-02,2014,1,1,2,3,2,False,False,False,False,False,False,1
2014-01-03,2014,1,1,3,4,3,False,False,False,False,False,False,1
2014-01-06,2014,1,2,6,0,6,False,False,False,False,False,False,1
2014-01-07,2014,1,2,7,1,7,False,False,False,False,False,False,1
2014-01-08,2014,1,2,8,2,8,False,False,False,False,False,False,1
2014-01-09,2014,1,2,9,3,9,False,False,False,False,False,False,1
2014-01-10,2014,1,2,10,4,10,False,False,False,False,False,False,1
2014-01-13,2014,1,3,13,0,13,False,False,False,False,False,False,1
2014-01-14,2014,1,3,14,1,14,False,False,False,False,False,False,1
2014-01-15,2014,1,3,15,2,15,False,False,False,False,False,False,1
2014-01-16,2014,1,3,16,3,16,False,False,False,False,False,False,1
2014-01-17,2014,1,3,17,4,17,False,False,False,False,False,False,1
2014-01-20,2014,1,4,20,0,20,False,False,False,False,False,False,1
2014-01-21,2014,1,4,21,1,21,False,False,False,False,False,False,1
2014-01-22,2014,1,4,22,2,22,False,False,False,False,False,False,1
2014-01-23,2014,1,4,23,3,23,False,False,False,False,False,False,1
2014-01-24,2014,1,4,24,4,24,False,False,False,False,False,False,1
2014-01-27,2014,1,5,27,0,27,False,False,False,False,False,False,1
2014-01-28,2014,1,5,28,1,28,False,False,False,False,False,False,1
2014-01-29,2014,1,5,29,2,29,False,False,False,False,False,False,1
2014-01-30,2014,1,5,30,3,30,False,False,False,False,False,False,1
2014-01-31,2014,1,5,31,4,31,True,False,False,False,False,False,1
2014-02-03,2014,2,6,3,0,34,False,False,False,False,False,False,1
2014-02-04,2014,2,6,4,1,35,False,False,False,False,False,False,1
2014-02-05,2014,2,6,5,2,36,False,False,False,False,False,False,1
2014-02-06,2014,2,6,6,3,37,False,False,False,False,False,False,1
2014-02-07,2014,2,6,7,4,38,False,False,False,False,False,False,1
2014-02-10,2014,2,7,10,0,41,False,False,False,False,False,False,1
2014-02-11,2014,2,7,11,1,42,False,False,False,False,False,False,1
2014-02-12,2014,2,7,12,2,43,False,False,False,False,False,False,1
2014-02-13,2014,2,7,13,3,44,False,False,False,False,False,False,1
2014-02-14,2014,2,7,14,4,45,False,False,False,False,False,False,1
2014-02-17,2014,2,8,17,0,48,False,False,False,False,False,False,1
2014-02-18,2014,2,8,18,1,49,False,False,False,False,False,False,1
2014-02-19,2014,2,8,19,2,50,False,False,False,False,False,False,1
2014-02-20,2014,2,8,20,3,51,False,False,False,False,False,False,1
2014-02-21,2014,2,8,21,4,52,False,False,False,False,False,False,1
2014-02-24,2014,2,9,24,0,55,False,False,False,False,False,False,1
2014-02-25,2014,2,9,25,1,56,False,False,False,False,False,False,1
2014-02-26,2014,2,9,26,2,57,False,False,False,False,False,False,1
2014-02-28,2014,2,9,28,4,59,True,False,False,False,False,False,1
2014-03-03,2014,3,10,3,0,62,False,False,False,False,False,False,1
2014-03-04,2014,3,10,4,1,63,False,False,False,False,False,False,1
2014-03-05,2014,3,10,5,2,64,False,False,False,False,False,False,1
2014-03-06,2014,3,10,6,3,65,False,False,False,False,False,False,1
2014-03-07,2014,3,10,7,4,66,False,False,False,False,False,False,1
2014-03-10,2014,3,11,10,0,69,False,False,False,False,False,False,1
2014-03-11,2014,3,11,11,1,70,False,False,False,False,False,False,1
2014-03-12,2014,3,11,12,2,71,False,False,False,False,False,False,1
2014-03-13,2014,3,11,13,3,72,False,False,False,False,False,False,1
2014-03-14,2014,3,11,14,4,73,False,False,False,False,False,False,1
2014-03-18,2014,3,12,18,1,77,False,False,False,False,False,False,1
2014-03-19,2014,3,12,19,2,78,False,False,False,False,False,False,1
2014-03-20,2014,3,12,20,3,79,False,False,False,False,False,False,1
2014-03-21,2014,3,12,21,4,80,False,False,False,False,False,False,1
2014-03-22,2014,3,12,22,5,81,False,False,False,False,False,False,1
2014-03-24,2014,3,13,24,0,83,False,False,False,False,False,False,1
2014-03-25,2014,3,13,25,1,84,False,False,False,False,False,False,1
2014-03-26,2014,3,13,26,2,85,False,False,False,False,False,False,1
2014-03-27,2014,3,13,27,3,86,False,False,False,False,False,False,1
2014-03-28,2014,3,13,28,4,87,False,False,False,False,False,False,1
2014-03-31,2014,3,14,31,0,90,True,False,True,False,False,False,1
2014-04-01,2014,4,14,1,1,91,False,True,False,True,False,False,1
2014-04-02,2014,4,14,2,2,92,False,False,False,False,False,False,1
2014-04-03,2014,4,14,3,3,93,False,False,False,False,False,False,1
2014-04-04,2014,4,14,4,4,94,False,False,False,False,False,False,1
2014-04-07,2014,4,15,7,0,97,False,False,False,False,False,False,1
2014-04-09,2014,4,15,9,2,99,False,False,False,False,False,False,1
2014-04-10,2014,4,15,10,3,100,False,False,False,False,False,False,1
2014-04-11,2014,4,15,11,4,101,False,False,False,False,False,False,1
2014-04-15,2014,4,16,15,1,105,False,False,False,False,False,False,1
2014-04-16,2014,4,16,16,2,106,False,False,False,False,False,False,1
2014-04-17,2014,4,16,17,3,107,False,False,False,False,False,False,1
2014-04-21,2014,4,17,21,0,111,False,False,False,False,False,False,1
2014-04-22,2014,4,17,22,1,112,False,False,False,False,False,False,1
2014-04-23,2014,4,17,23,2,113,False,False,False,False,False,False,1
2014-04-25,2014,4,17,25,4,115,False,False,False,False,False,False,1
2014-04-28,2014,4,18,28,0,118,False,False,False,False,False,False,1
2014-04-29,2014,4,18,29,1,119,False,False,False,False,False,False,1
2014-04-30,2014,4,18,30,2,120,True,False,False,False,False,False,1
2014-05-02,2014,5,18,2,4,122,False,False,False,False,False,False,1
2014-05-05,2014,5,19,5,0,125,False,False,False,False,False,False,1
2014-05-06,2014,5,19,6,1,126,False,False,False,False,False,False,1
2014-05-07,2014,5,19,7,2,127,False,False,False,False,False,False,1
2014-05-08,2014,5,19,8,3,128,False,False,False,False,False,False,1
2014-05-09,2014,5,19,9,4,129,False,False,False,False,False,False,1
2014-05-12,2014,5,20,12,0,132,False,False,False,False,False,False,1
2014-05-13,2014,5,20,13,1,133,False,False,False,False,False,False,1
2014-05-14,2014,5,20,14,2,134,False,False,False,False,False,False,1
2014-05-15,2014,5,20,15,3,135,False,False,False,False,False,False,1
2014-05-16,2014,5,20,16,4,136,False,False,False,False,False,False,1
2014-05-19,2014,5,21,19,0,139,False,False,False,False,False,False,1
2014-05-20,2014,5,21,20,1,140,False,False,False,False,False,False,1
2014-05-21,2014,5,21,21,2,141,False,False,False,False,False,False,1
2014-05-22,2014,5,21,22,3,142,False,False,False,False,False,False,1
2014-05-23,2014,5,21,23,4,143,False,False,False,False,False,False,1
2014-05-26,2014,5,22,26,0,146,False,False,False,False,False,False,1
2014-05-27,2014,5,22,27,1,147,False,False,False,False,False,False,1
2014-05-28,2014,5,22,28,2,148,False,False,False,False,False,False,1
2014-05-29,2014,5,22,29,3,149,False,False,False,False,False,False,1
2014-05-30,2014,5,22,30,4,150,False,False,False,False,False,False,1
2014-06-02,2014,6,23,2,0,153,False,False,False,False,False,False,1
2014-06-03,2014,6,23,3,1,154,False,False,False,False,False,False,1
2014-06-04,2014,6,23,4,2,155,False,False,False,False,False,False,1
2014-06-05,2014,6,23,5,3,156,False,False,False,False,False,False,1
2014-06-06,2014,6,23,6,4,157,False,False,False,False,False,False,1
2014-06-09,2014,6,24,9,0,160,False,False,False,False,False,False,1
2014-06-10,2014,6,24,10,1,161,False,False,False,False,False,False,1
2014-06-11,2014,6,24,11,2,162,False,False,False,False,False,False,1
2014-06-12,2014,6,24,12,3,163,False,False,False,False,False,False,1
2014-06-13,2014,6,24,13,4,164,False,False,False,False,False,False,1
2014-06-16,2014,6,25,16,0,167,False,False,False,False,False,False,1
2014-06-17,2014,6,25,17,1,168,False,False,False,False,False,False,1
2014-06-18,2014,6,25,18,2,169,False,False,False,False,False,False,1
2014-06-19,2014,6,25,19,3,170,False,False,False,False,False,False,1
2014-06-20,2014,6,25,20,4,171,False,False,False,False,False,False,1
2014-06-23,2014,6,26,23,0,174,False,False,False,False,False,False,1
2014-06-24,2014,6,26,24,1,175,False,False,False,False,False,False,1
2014-06-25,2014,6,26,25,2,176,False,False,False,False,False,False,1
2014-06-26,2014,6,26,26,3,177,False,False,False,False,False,False,1
2014-06-27,2014,6,26,27,4,178,False,False,False,False,False,False,1
2014-06-30,2014,6,27,30,0,181,True,False,True,False,False,False,1
2014-07-01,2014,7,27,1,1,182,False,True,False,True,False,False,1
2014-07-02,2014,7,27,2,2,183,False,False,False,False,False,False,1
2014-07-03,2014,7,27,3,3,184,False,False,False,False,False,False,1
2014-07-04,2014,7,27,4,4,185,False,False,False,False,False,False,1
2014-07-07,2014,7,28,7,0,188,False,False,False,False,False,False,1
2014-07-08,2014,7,28,8,1,189,False,False,False,False,False,False,1
2014-07-09,2014,7,28,9,2,190,False,False,False,False,False,False,1
2014-07-10,2014,7,28,10,3,191,False,False,False,False,False,False,1
2014-07-11,2014,7,28,11,4,192,False,False,False,False,False,False,1
2014-07-14,2014,7,29,14,0,195,False,False,False,False,False,False,1
2014-07-15,2014,7,29,15,1,196,False,False,False,False,False,False,1
2014-07-16,2014,7,29,16,2,197,False,False,False,False,False,False,1
2014-07-17,2014,7,29,17,3,198,False,False,False,False,False,False,1
2014-07-18,2014,7,29,18,4,199,False,False,False,False,False,False,1
2014-07-21,2014,7,30,21,0,202,False,False,False,False,False,False,1
2014-07-22,2014,7,30,22,1,203,False,False,False,False,False,False,1
2014-07-23,2014,7,30,23,2,204,False,False,False,False,False,False,1
2014-07-24,2014,7,30,24,3,205,False,False,False,False,False,False,1
2014-07-25,2014,7,30,25,4,206,False,False,False,False,False,False,1
2014-07-28,2014,7,31,28,0,209,False,False,False,False,False,False,1
2014-07-30,2014,7,31,30,2,211,False,False,False,False,False,False,1
2014-07-31,2014,7,31,31,3,212,True,False,False,False,False,False,1
2014-08-01,2014,8,31,1,4,213,False,True,False,False,False,False,1
2014-08-04,2014,8,32,4,0,216,False,False,False,False,False,False,1
2014-08-05,2014,8,32,5,1,217,False,False,False,False,False,False,1
2014-08-06,2014,8,32,6,2,218,False,False,False,False,False,False,1
2014-08-07,2014,8,32,7,3,219,False,False,False,False,False,False,1
2014-08-08,2014,8,32,8,4,220,False,False,False,False,False,False,1
2014-08-11,2014,8,33,11,0,223,False,False,False,False,False,False,1
2014-08-12,2014,8,33,12,1,224,False,False,False,False,False,False,1
2014-08-13,2014,8,33,13,2,225,False,False,False,False,False,False,1
2014-08-14,2014,8,33,14,3,226,False,False,False,False,False,False,1
2014-08-18,2014,8,34,18,0,230,False,False,False,False,False,False,1
2014-08-19,2014,8,34,19,1,231,False,False,False,False,False,False,1
2014-08-20,2014,8,34,20,2,232,False,False,False,False,False,False,1
2014-08-21,2014,8,34,21,3,233,False,False,False,False,False,False,1
2014-08-22,2014,8,34,22,4,234,False,False,False,False,False,False,1
2014-08-25,2014,8,35,25,0,237,False,False,False,False,False,False,1
2014-08-26,2014,8,35,26,1,238,False,False,False,False,False,False,1
2014-08-27,2014,8,35,27,2,239,False,False,False,False,False,False,1
2014-08-28,2014,8,35,28,3,240,False,False,False,False,False,False,1
2014-09-01,2014,9,36,1,0,244,False,True,False,False,False,False,1
2014-09-02,2014,9,36,2,1,245,False,False,False,False,False,False,1
2014-09-03,2014,9,36,3,2,246,False,False,False,False,False,False,1
2014-09-04,2014,9,36,4,3,247,False,False,False,False,False,False,1
2014-09-05,2014,9,36,5,4,248,False,False,False,False,False,False,1
2014-09-08,2014,9,37,8,0,251,False,False,False,False,False,False,1
2014-09-09,2014,9,37,9,1,252,False,False,False,False,False,False,1
2014-09-10,2014,9,37,10,2,253,False,False,False,False,False,False,1
2014-09-11,2014,9,37,11,3,254,False,False,False,False,False,False,1
2014-09-12,2014,9,37,12,4,255,False,False,False,False,False,False,1
2014-09-15,2014,9,38,15,0,258,False,False,False,False,False,False,1
2014-09-16,2014,9,38,16,1,259,False,False,False,False,False,False,1
2014-09-17,2014,9,38,17,2,260,False,False,False,False,False,False,1
2014-09-18,2014,9,38,18,3,261,False,False,False,False,False,False,1
2014-09-19,2014,9,38,19,4,262,False,False,False,False,False,False,1
2014-09-22,2014,9,39,22,0,265,False,False,False,False,False,False,1
2014-09-23,2014,9,39,23,1,266,False,False,False,False,False,False,1
2014-09-24,2014,9,39,24,2,267,False,False,False,False,False,False,1
2014-09-25,2014,9,39,25,3,268,False,False,False,False,False,False,1
2014-09-26,2014,9,39,26,4,269,False,False,False,False,False,False,1
2014-09-29,2014,9,40,29,0,272,False,False,False,False,False,False,1
2014-09-30,2014,9,40,30,1,273,True,False,True,False,False,False,1
2014-10-01,2014,10,40,1,2,274,False,True,False,True,False,False,1
2014-10-07,2014,10,41,7,1,280,False,False,False,False,False,False,1
2014-10-08,2014,10,41,8,2,281,False,False,False,False,False,False,1
2014-10-09,2014,10,41,9,3,282,False,False,False,False,False,False,1
2014-10-10,2014,10,41,10,4,283,False,False,False,False,False,False,1
2014-10-13,2014,10,42,13,0,286,False,False,False,False,False,False,1
2014-10-14,2014,10,42,14,1,287,False,False,False,False,False,False,1
2014-10-16,2014,10,42,16,3,289,False,False,False,False,False,False,1
2014-10-17,2014,10,42,17,4,290,False,False,False,False,False,False,1
2014-10-20,2014,10,43,20,0,293,False,False,False,False,False,False,1
2014-10-21,2014,10,43,21,1,294,False,False,False,False,False,False,1
2014-10-22,2014,10,43,22,2,295,False,False,False,False,False,False,1
2014-10-23,2014,10,43,23,3,296,False,False,False,False,False,False,1
2014-10-27,2014,10,44,27,0,300,False,False,False,False,False,False,1
2014-10-28,2014,10,44,28,1,301,False,False,False,False,False,False,1
2014-10-29,2014,10,44,29,2,302,False,False,False,False,False,False,1
2014-10-30,2014,10,44,30,3,303,False,False,False,False,False,False,1
2014-10-31,2014,10,44,31,4,304,True,False,False,False,False,False,1
2014-11-03,2014,11,45,3,0,307,False,False,False,False,False,False,1
2014-11-05,2014,11,45,5,2,309,False,False,False,False,False,False,1
2014-11-07,2014,11,45,7,4,311,False,False,False,False,False,False,1
2014-11-10,2014,11,46,10,0,314,False,False,False,False,False,False,1
2014-11-11,2014,11,46,11,1,315,False,False,False,False,False,False,1
2014-11-12,2014,11,46,12,2,316,False,False,False,False,False,False,1
2014-11-13,2014,11,46,13,3,317,False,False,False,False,False,False,1
2014-11-14,2014,11,46,14,4,318,False,False,False,False,False,False,1
2014-11-17,2014,11,47,17,0,321,False,False,False,False,False,False,1
2014-11-18,2014,11,47,18,1,322,False,False,False,False,False,False,1
2014-11-19,2014,11,47,19,2,323,False,False,False,False,False,False,1
2014-11-20,2014,11,47,20,3,324,False,False,False,False,False,False,1
2014-11-21,2014,11,47,21,4,325,False,False,False,False,False,False,1
2014-11-24,2014,11,48,24,0,328,False,False,False,False,False,False,1
2014-11-25,2014,11,48,25,1,329,False,False,False,False,False,False,1
2014-11-26,2014,11,48,26,2,330,False,False,False,False,False,False,1
2014-11-27,2014,11,48,27,3,331,False,False,False,False,False,False,1
2014-11-28,2014,11,48,28,4,332,False,False,False,False,False,False,1
2014-12-01,2014,12,49,1,0,335,False,True,False,False,False,False,1
2014-12-02,2014,12,49,2,1,336,False,False,False,False,False,False,1
2014-12-03,2014,12,49,3,2,337,False,False,False,False,False,False,1
2014-12-04,2014,12,49,4,3,338,False,False,False,False,False,False,1
2014-12-05,2014,12,49,5,4,339,False,False,False,False,False,False,1
2014-12-08,2014,12,50,8,0,342,False,False,False,False,False,False,1
2014-12-09,2014,12,50,9,1,343,False,False,False,False,False,False,1
2014-12-10,2014,12,50,10,2,344,False,False,False,False,False,False,1
2014-12-11,2014,12,50,11,3,345,False,False,False,False,False,False,1
2014-12-12,2014,12,50,12,4,346,False,False,False,False,False,False,1
2014-12-15,2014,12,51,15,0,349,False,False,False,False,False,False,1
2014-12-16,2014,12,51,16,1,350,False,False,False,False,False,False,1
2014-12-17,2014,12,51,17,2,351,False,False,False,False,False,False,1
2014-12-18,2014,12,51,18,3,352,False,False,False,False,False,False,1
2014-12-19,2014,12,51,19,4,353,False,False,False,False,False,False,1
2014-12-22,2014,12,52,22,0,356,False,False,False,False,False,False,1
2014-12-23,2014,12,52,23,1,357,False,False,False,False,False,False,1
2014-12-24,2014,12,52,24,2,358,False,False,False,False,False,False,1
2014-12-26,2014,12,52,26,4,360,False,False,False,False,False,False,1
2014-12-29,2014,12,1,29,0,363,False,False,False,False,False,False,1
2014-12-30,2014,12,1,30,1,364,False,False,False,False,False,False,1
2014-12-31,2014,12,1,31,2,365,True,False,True,False,True,False,1
2015-01-01,2015,1,1,1,3,1,False,True,False,True,False,True,1
2015-01-02,2015,1,1,2,4,2,False,False,False,False,False,False,1
2015-01-05,2015,1,2,5,0,5,False,False,False,False,False,False,1
2015-01-06,2015,1,2,6,1,6,False,False,False,False,False,False,1
2015-01-07,2015,1,2,7,2,7,False,False,False,False,False,False,1
2015-01-08,2015,1,2,8,3,8,False,False,False,False,False,False,1
2015-01-09,2015,1,2,9,4,9,False,False,False,False,False,False,1
2015-01-12,2015,1,3,12,0,12,False,False,False,False,False,False,1
2015-01-13,2015,1,3,13,1,13,False,False,False,False,False,False,1
2015-01-14,2015,1,3,14,2,14,False,False,False,False,False,False,1
2015-01-15,2015,1,3,15,3,15,False,False,False,False,False,False,1
2015-01-16,2015,1,3,16,4,16,False,False,False,False,False,False,1
2015-01-19,2015,1,4,19,0,19,False,False,False,False,False,False,1
2015-01-20,2015,1,4,20,1,20,False,False,False,False,False,False,1
2015-01-21,2015,1,4,21,2,21,False,False,False,False,False,False,1
2015-01-22,2015,1,4,22,3,22,False,False,False,False,False,False,1
2015-01-23,2015,1,4,23,4,23,False,False,False,False,False,False,1
2015-01-27,2015,1,5,27,1,27,False,False,False,False,False,False,1
2015-01-28,2015,1,5,28,2,28,False,False,False,False,False,False,1
2015-01-29,2015,1,5,29,3,29,False,False,False,False,False,False,1
2015-01-30,2015,1,5,30,4,30,False,False,False,False,False,False,1
2015-02-02,2015,2,6,2,0,33,False,False,False,False,False,False,1
2015-02-03,2015,2,6,3,1,34,False,False,False,False,False,False,1
2015-02-04,2015,2,6,4,2,35,False,False,False,False,False,False,1
2015-02-05,2015,2,6,5,3,36,False,False,False,False,False,False,1
2015-02-06,2015,2,6,6,4,37,False,False,False,False,False,False,1
2015-02-09,2015,2,7,9,0,40,False,False,False,False,False,False,1
2015-02-10,2015,2,7,10,1,41,False,False,False,False,False,False,1
2015-02-11,2015,2,7,11,2,42,False,False,False,False,False,False,1
2015-02-12,2015,2,7,12,3,43,False,False,False,False,False,False,1
2015-02-13,2015,2,7,13,4,44,False,False,False,False,False,False,1
2015-02-16,2015,2,8,16,0,47,False,False,False,False,False,False,1
2015-02-18,2015,2,8,18,2,49,False,False,False,False,False,False,1
2015-02-19,2015,2,8,19,3,50,False,False,False,False,False,False,1
2015-02-20,2015,2,8,20,4,51,False,False,False,False,False,False,1
2015-02-23,2015,2,9,23,0,54,False,False,False,False,False,False,1
2015-02-24,2015,2,9,24,1,55,False,False,False,False,False,False,1
2015-02-25,2015,2,9,25,2,56,False,False,False,False,False,False,1
2015-02-26,2015,2,9,26,3,57,False,False,False,False,False,False,1
2015-02-27,2015,2,9,27,4,58,False,False,False,False,False,False,1
2015-02-28,2015,2,9,28,5,59,True,False,False,False,False,False,1
2015-03-02,2015,3,10,2,0,61,False,False,False,False,False,False,1
2015-03-03,2015,3,10,3,1,62,False,False,False,False,False,False,1
2015-03-04,2015,3,10,4,2,63,False,False,False,False,False,False,1
2015-03-05,2015,3,10,5,3,64,False,False,False,False,False,False,1
2015-03-09,2015,3,11,9,0,68,False,False,False,False,False,False,1
2015-03-10,2015,3,11,10,1,69,False,False,False,False,False,False,1
2015-03-11,2015,3,11,11,2,70,False,False,False,False,False,False,1
2015-03-12,2015,3,11,12,3,71,False,False,False,False,False,False,1
2015-03-13,2015,3,11,13,4,72,False,False,False,False,False,False,1
2015-03-16,2015,3,12,16,0,75,False,False,False,False,False,False,1
2015-03-17,2015,3,12,17,1,76,False,False,False,False,False,False,1
2015-03-18,2015,3,12,18,2,77,False,False,False,False,False,False,1
2015-03-19,2015,3,12,19,3,78,False,False,False,False,False,False,1
2015-03-20,2015,3,12,20,4,79,False,False,False,False,False,False,1
2015-03-23,2015,3,13,23,0,82,False,False,False,False,False,False,1
2015-03-24,2015,3,13,24,1,83,False,False,False,False,False,False,1
2015-03-25,2015,3,13,25,2,84,False,False,False,False,False,False,1
2015-03-26,2015,3,13,26,3,85,False,False,False,False,False,False,1
2015-03-27,2015,3,13,27,4,86,False,False,False,False,False,False,1
2015-03-30,2015,3,14,30,0,89,False,False,False,False,False,False,1
2015-03-31,2015,3,14,31,1,90,True,False,True,False,False,False,1
2015-04-01,2015,4,14,1,2,91,False,True,False,True,False,False,1
2015-04-06,2015,4,15,6,0,96,False,False,False,False,False,False,1
2015-04-07,2015,4,15,7,1,97,False,False,False,False,False,False,1
2015-04-08,2015,4,15,8,2,98,False,False,False,False,False,False,1
2015-04-09,2015,4,15,9,3,99,False,False,False,False,False,False,1
2015-04-10,2015,4,15,10,4,100,False,False,False,False,False,False,1
2015-04-13,2015,4,16,13,0,103,False,False,False,False,False,False,1
2015-04-15,2015,4,16,15,2,105,False,False,False,False,False,False,1
2015-04-16,2015,4,16,16,3,106,False,False,False,False,False,False,1
2015-04-17,2015,4,16,17,4,107,False,False,False,False,False,False,1
2015-04-20,2015,4,17,20,0,110,False,False,False,False,False,False,1
2015-04-21,2015,4,17,21,1,111,False,False,False,False,False,False,1
2015-04-22,2015,4,17,22,2,112,False,False,False,False,False,False,1
2015-04-23,2015,4,17,23,3,113,False,False,False,False,False,False,1
2015-04-24,2015,4,17,24,4,114,False,False,False,False,False,False,1
2015-04-27,2015,4,18,27,0,117,False,False,False,False,False,False,1
2015-04-28,2015,4,18,28,1,118,False,False,False,False,False,False,1
2015-04-29,2015,4,18,29,2,119,False,False,False,False,False,False,1
2015-04-30,2015,4,18,30,3,120,True,False,False,False,False,False,1
2015-05-04,2015,5,19,4,0,124,False,False,False,False,False,False,1
2015-05-05,2015,5,19,5,1,125,False,False,False,False,False,False,1
2015-05-06,2015,5,19,6,2,126,False,False,False,False,False,False,1
2015-05-07,2015,5,19,7,3,127,False,False,False,False,False,False,1
2015-05-08,2015,5,19,8,4,128,False,False,False,False,False,False,1
2015-05-11,2015,5,20,11,0,131,False,False,False,False,False,False,1
2015-05-12,2015,5,20,12,1,132,False,False,False,False,False,False,1
2015-05-13,2015,5,20,13,2,133,False,False,False,False,False,False,1
2015-05-14,2015,5,20,14,3,134,False,False,False,False,False,False,1
2015-05-15,2015,5,20,15,4,135,False,False,False,False,False,False,1
2015-05-18,2015,5,21,18,0,138,False,False,False,False,False,False,1
2015-05-19,2015,5,21,19,1,139,False,False,False,False,False,False,1
2015-05-20,2015,5,21,20,2,140,False,False,False,False,False,False,1
2015-05-21,2015,5,21,21,3,141,False,False,False,False,False,False,1
2015-05-22,2015,5,21,22,4,142,False,False,False,False,False,False,1
2015-05-25,2015,5,22,25,0,145,False,False,False,False,False,False,1
2015-05-26,2015,5,22,26,1,146,False,False,False,False,False,False,1
2015-05-27,2015,5,22,27,2,147,False,False,False,False,False,False,1
2015-05-28,2015,5,22,28,3,148,False,False,False,False,False,False,1
2015-05-29,2015,5,22,29,4,149,False,False,False,False,False,False,1
2015-06-01,2015,6,23,1,0,152,False,True,False,False,False,False,1
2015-06-02,2015,6,23,2,1,153,False,False,False,False,False,False,1
2015-06-03,2015,6,23,3,2,154,False,False,False,False,False,False,1
2015-06-04,2015,6,23,4,3,155,False,False,False,False,False,False,1
2015-06-05,2015,6,23,5,4,156,False,False,False,False,False,False,1
2015-06-08,2015,6,24,8,0,159,False,False,False,False,False,False,1
2015-06-09,2015,6,24,9,1,160,False,False,False,False,False,False,1
2015-06-10,2015,6,24,10,2,161,False,False,False,False,False,False,1
2015-06-11,2015,6,24,11,3,162,False,False,False,False,False,False,1
2015-06-12,2015,6,24,12,4,163,False,False,False,False,False,False,1
2015-06-15,2015,6,25,15,0,166,False,False,False,False,False,False,1
2015-06-16,2015,6,25,16,1,167,False,False,False,False,False,False,1
2015-06-17,2015,6,25,17,2,168,False,False,False,False,False,False,1
2015-06-18,2015,6,25,18,3,169,False,False,False,False,False,False,1
2015-06-19,2015,6,25,19,4,170,False,False,False,False,False,False,1
2015-06-22,2015,6,26,22,0,173,False,False,False,False,False,False,1
2015-06-23,2015,6,26,23,1,174,False,False,False,False,False,False,1
2015-06-24,2015,6,26,24,2,175,False,False,False,False,False,False,1
2015-06-25,2015,6,26,25,3,176,False,False,False,False,False,False,1
2015-06-26,2015,6,26,26,4,177,False,False,False,False,False,False,1
2015-06-29,2015,6,27,29,0,180,False,False,False,False,False,False,1
2015-06-30,2015,6,27,30,1,181,True,False,True,False,False,False,1
2015-07-01,2015,7,27,1,2,182,False,True,False,True,False,False,1
2015-07-02,2015,7,27,2,3,183,False,False,False,False,False,False,1
2015-07-03,2015,7,27,3,4,184,False,False,False,False,False,False,1
2015-07-06,2015,7,28,6,0,187,False,False,False,False,False,False,1
2015-07-07,2015,7,28,7,1,188,False,False,False,False,False,False,1
2015-07-08,2015,7,28,8,2,189,False,False,False,False,False,False,1
2015-07-09,2015,7,28,9,3,190,False,False,False,False,False,False,1
2015-07-10,2015,7,28,10,4,191,False,False,False,False,False,False,1
2015-07-13,2015,7,29,13,0,194,False,False,False,False,False,False,1
2015-07-14,2015,7,29,14,1,195,False,False,False,False,False,False,1
2015-07-15,2015,7,29,15,2,196,False,False,False,False,False,False,1
2015-07-16,2015,7,29,16,3,197,False,False,False,False,False,False,1
2015-07-17,2015,7,29,17,4,198,False,False,False,False,False,False,1
2015-07-20,2015,7,30,20,0,201,False,False,False,False,False,False,1
2015-07-21,2015,7,30,21,1,202,False,False,False,False,False,False,1
2015-07-22,2015,7,30,22,2,203,False,False,False,False,False,False,1
2015-07-23,2015,7,30,23,3,204,False,False,False,False,False,False,1
2015-07-24,2015,7,30,24,4,205,False,False,False,False,False,False,1
2015-07-27,2015,7,31,27,0,208,False,False,False,False,False,False,1
2015-07-28,2015,7,31,28,1,209,False,False,False,False,False,False,1
2015-07-29,2015,7,31,29,2,210,False,False,False,False,False,False,1
2015-07-30,2015,7,31,30,3,211,False,False,False,False,False,False,1
2015-07-31,2015,7,31,31,4,212,True,False,False,False,False,False,1
2015-08-03,2015,8,32,3,0,215,False,False,False,False,False,False,1
2015-08-04,2015,8,32,4,1,216,False,False,False,False,False,False,1
2015-08-05,2015,8,32,5,2,217,False,False,False,False,False,False,1
2015-08-06,2015,8,32,6,3,218,False,False,False,False,False,False,1
2015-08-07,2015,8,32,7,4,219,False,False,False,False,False,False,1
2015-08-10,2015,8,33,10,0,222,False,False,False,False,False,False,1
2015-08-11,2015,8,33,11,1,223,False,False,False,False,False,False,1
2015-08-12,2015,8,33,12,2,224,False,False,False,False,False,False,1
2015-08-13,2015,8,33,13,3,225,False,False,False,False,False,False,1
2015-08-14,2015,8,33,14,4,226,False,False,False,False,False,False,1
2015-08-17,2015,8,34,17,0,229,False,False,False,False,False,False,1
2015-08-18,2015,8,34,18,1,230,False,False,False,False,False,False,1
2015-08-19,2015,8,34,19,2,231,False,False,False,False,False,False,1
2015-08-20,2015,8,34,20,3,232,False,False,False,False,False,False,1
2015-08-21,2015,8,34,21,4,233,False,False,False,False,False,False,1
2015-08-24,2015,8,35,24,0,236,False,False,False,False,False,False,1
2015-08-25,2015,8,35,25,1,237,False,False,False,False,False,False,1
2015-08-26,2015,8,35,26,2,238,False,False,False,False,False,False,1
2015-08-27,2015,8,35,27,3,239,False,False,False,False,False,False,1
2015-08-28,2015,8,35,28,4,240,False,False,False,False,False,False,1
2015-08-31,2015,8,36,31,0,243,True,False,False,False,False,False,1
2015-09-01,2015,9,36,1,1,244,False,True,False,False,False,False,1
2015-09-02,2015,9,36,2,2,245,False,False,False,False,False,False,1
2015-09-03,2015,9,36,3,3,246,False,False,False,False,False,False,1
2015-09-04,2015,9,36,4,4,247,False,False,False,False,False,False,1
2015-09-07,2015,9,37,7,0,250,False,False,False,False,False,False,1
2015-09-08,2015,9,37,8,1,251,False,False,False,False,False,False,1
2015-09-09,2015,9,37,9,2,252,False,False,False,False,False,False,1
2015-09-10,2015,9,37,10,3,253,False,False,False,False,False,False,1
2015-09-11,2015,9,37,11,4,254,False,False,False,False,False,False,1
2015-09-14,2015,9,38,14,0,257,False,False,False,False,False,False,1
2015-09-15,2015,9,38,15,1,258,False,False,False,False,False,False,1
2015-09-16,2015,9,38,16,2,259,False,False,False,False,False,False,1
2015-09-18,2015,9,38,18,4,261,False,False,False,False,False,False,1
2015-09-21,2015,9,39,21,0,264,False,False,False,False,False,False,1
2015-09-22,2015,9,39,22,1,265,False,False,False,False,False,False,1
2015-09-23,2015,9,39,23,2,266,False,False,False,False,False,False,1
2015-09-24,2015,9,39,24,3,267,False,False,False,False,False,False,1
2015-09-28,2015,9,40,28,0,271,False,False,False,False,False,False,1
2015-09-29,2015,9,40,29,1,272,False,False,False,False,False,False,1
2015-09-30,2015,9,40,30,2,273,True,False,True,False,False,False,1
2015-10-01,2015,10,40,1,3,274,False,True,False,True,False,False,1
2015-10-05,2015,10,41,5,0,278,False,False,False,False,False,False,1
2015-10-06,2015,10,41,6,1,279,False,False,False,False,False,False,1
2015-10-07,2015,10,41,7,2,280,False,False,False,False,False,False,1
2015-10-08,2015,10,41,8,3,281,False,False,False,False,False,False,1
2015-10-09,2015,10,41,9,4,282,False,False,False,False,False,False,1
2015-10-12,2015,10,42,12,0,285,False,False,False,False,False,False,1
2015-10-13,2015,10,42,13,1,286,False,False,False,False,False,False,1
2015-10-14,2015,10,42,14,2,287,False,False,False,False,False,False,1
2015-10-15,2015,10,42,15,3,288,False,False,False,False,False,False,1
2015-10-16,2015,10,42,16,4,289,False,False,False,False,False,False,1
2015-10-19,2015,10,43,19,0,292,False,False,False,False,False,False,1
2015-10-20,2015,10,43,20,1,293,False,False,False,False,False,False,1
2015-10-21,2015,10,43,21,2,294,False,False,False,False,False,False,1
2015-10-23,2015,10,43,23,4,296,False,False,False,False,False,False,1
2015-10-26,2015,10,44,26,0,299,False,False,False,False,False,False,1
2015-10-27,2015,10,44,27,1,300,False,False,False,False,False,False,1
2015-10-28,2015,10,44,28,2,301,False,False,False,False,False,False,1
2015-10-29,2015,10,44,29,3,302,False,False,False,False,False,False,1
2015-10-30,2015,10,44,30,4,303,False,False,False,False,False,False,1
2015-11-02,2015,11,45,2,0,306,False,False,False,False,False,False,1
2015-11-03,2015,11,45,3,1,307,False,False,False,False,False,False,1
2015-11-04,2015,11,45,4,2,308,False,False,False,False,False,False,1
2015-11-05,2015,11,45,5,3,309,False,False,False,False,False,False,1
2015-11-06,2015,11,45,6,4,310,False,False,False,False,False,False,1
2015-11-09,2015,11,46,9,0,313,False,False,False,False,False,False,1
2015-11-10,2015,11,46,10,1,314,False,False,False,False,False,False,1
2015-11-11,2015,11,46,11,2,315,False,False,False,False,False,False,1
2015-11-13,2015,11,46,13,4,317,False,False,False,False,False,False,1
2015-11-16,2015,11,47,16,0,320,False,False,False,False,False,False,1
2015-11-17,2015,11,47,17,1,321,False,False,False,False,False,False,1
2015-11-18,2015,11,47,18,2,322,False,False,False,False,False,False,1
2015-11-19,2015,11,47,19,3,323,False,False,False,False,False,False,1
2015-11-20,2015,11,47,20,4,324,False,False,False,False,False,False,1
2015-11-23,2015,11,48,23,0,327,False,False,False,False,False,False,1
2015-11-24,2015,11,48,24,1,328,False,False,False,False,False,False,1
2015-11-26,2015,11,48,26,3,330,False,False,False,False,False,False,1
2015-11-27,2015,11,48,27,4,331,False,False,False,False,False,False,1
2015-11-30,2015,11,49,30,0,334,True,False,False,False,False,False,1
2015-12-01,2015,12,49,1,1,335,False,True,False,False,False,False,1
2015-12-02,2015,12,49,2,2,336,False,False,False,False,False,False,1
2015-12-03,2015,12,49,3,3,337,False,False,False,False,False,False,1
2015-12-04,2015,12,49,4,4,338,False,False,False,False,False,False,1
2015-12-07,2015,12,50,7,0,341,False,False,False,False,False,False,1
2015-12-08,2015,12,50,8,1,342,False,False,False,False,False,False,1
2015-12-09,2015,12,50,9,2,343,False,False,False,False,False,False,1
2015-12-10,2015,12,50,10,3,344,False,False,False,False,False,False,1
2015-12-11,2015,12,50,11,4,345,False,False,False,False,False,False,1
2015-12-14,2015,12,51,14,0,348,False,False,False,False,False,False,1
2015-12-15,2015,12,51,15,1,349,False,False,False,False,False,False,1
2015-12-16,2015,12,51,16,2,350,False,False,False,False,False,False,1
2015-12-17,2015,12,51,17,3,351,False,False,False,False,False,False,1
2015-12-18,2015,12,51,18,4,352,False,False,False,False,False,False,1
2015-12-21,2015,12,52,21,0,355,False,False,False,False,False,False,1
2015-12-22,2015,12,52,22,1,356,False,False,False,False,False,False,1
2015-12-23,2015,12,52,23,2,357,False,False,False,False,False,False,1
2015-12-24,2015,12,52,24,3,358,False,False,False,False,False,False,1
2015-12-28,2015,12,53,28,0,362,False,False,False,False,False,False,1
2015-12-29,2015,12,53,29,1,363,False,False,False,False,False,False,1
2015-12-30,2015,12,53,30,2,364,False,False,False,False,False,False,1
2015-12-31,2015,12,53,31,3,365,True,False,True,False,True,False,1
2016-01-01,2016,1,53,1,4,1,False,True,False,True,False,True,1
2016-01-04,2016,1,1,4,0,4,False,False,False,False,False,False,1
2016-01-05,2016,1,1,5,1,5,False,False,False,False,False,False,1
2016-01-06,2016,1,1,6,2,6,False,False,False,False,False,False,1
2016-01-07,2016,1,1,7,3,7,False,False,False,False,False,False,1
2016-01-08,2016,1,1,8,4,8,False,False,False,False,False,False,1
2016-01-11,2016,1,2,11,0,11,False,False,False,False,False,False,1
2016-01-12,2016,1,2,12,1,12,False,False,False,False,False,False,1
2016-01-13,2016,1,2,13,2,13,False,False,False,False,False,False,1
2016-01-14,2016,1,2,14,3,14,False,False,False,False,False,False,1
2016-01-15,2016,1,2,15,4,15,False,False,False,False,False,False,1
2016-01-18,2016,1,3,18,0,18,False,False,False,False,False,False,1
2016-01-19,2016,1,3,19,1,19,False,False,False,False,False,False,1
2016-01-20,2016,1,3,20,2,20,False,False,False,False,False,False,1
2016-01-21,2016,1,3,21,3,21,False,False,False,False,False,False,1
2016-01-22,2016,1,3,22,4,22,False,False,False,False,False,False,1
2016-01-25,2016,1,4,25,0,25,False,False,False,False,False,False,1
2016-01-27,2016,1,4,27,2,27,False,False,False,False,False,False,1
2016-01-28,2016,1,4,28,3,28,False,False,False,False,False,False,1
2016-01-29,2016,1,4,29,4,29,False,False,False,False,False,False,1
2016-02-01,2016,2,5,1,0,32,False,True,False,False,False,False,1
2016-02-02,2016,2,5,2,1,33,False,False,False,False,False,False,1
2016-02-03,2016,2,5,3,2,34,False,False,False,False,False,False,1
2016-02-04,2016,2,5,4,3,35,False,False,False,False,False,False,1
2016-02-05,2016,2,5,5,4,36,False,False,False,False,False,False,1
2016-02-08,2016,2,6,8,0,39,False,False,False,False,False,False,1
2016-02-09,2016,2,6,9,1,40,False,False,False,False,False,False,1
2016-02-10,2016,2,6,10,2,41,False,False,False,False,False,False,1
2016-02-11,2016,2,6,11,3,42,False,False,False,False,False,False,1
2016-02-12,2016,2,6,12,4,43,False,False,False,False,False,False,1
2016-02-15,2016,2,7,15,0,46,False,False,False,False,False,False,1
2016-02-16,2016,2,7,16,1,47,False,False,False,False,False,False,1
2016-02-17,2016,2,7,17,2,48,False,False,False,False,False,False,1
2016-02-18,2016,2,7,18,3,49,False,False,False,False,False,False,1
2016-02-19,2016,2,7,19,4,50,False,False,False,False,False,False,1
2016-02-22,2016,2,8,22,0,53,False,False,False,False,False,False,1
2016-02-23,2016,2,8,23,1,54,False,False,False,False,False,False,1
2016-02-24,2016,2,8,24,2,55,False,False,False,False,False,False,1
2016-02-25,2016,2,8,25,3,56,False,False,False,False,False,False,1
2016-02-26,2016,2,8,26,4,57,False,False,False,False,False,False,1
2016-02-29,2016,2,9,29,0,60,True,False,False,False,False,False,1
2016-03-01,2016,3,9,1,1,61,False,True,False,False,False,False,1
2016-03-02,2016,3,9,2,2,62,False,False,False,False,False,False,1
2016-03-03,2016,3,9,3,3,63,False,False,False,False,False,False,1
2016-03-04,2016,3,9,4,4,64,False,False,False,False,False,False,1
2016-03-08,2016,3,10,8,1,68,False,False,False,False,False,False,1
2016-03-09,2016,3,10,9,2,69,False,False,False,False,False,False,1
2016-03-10,2016,3,10,10,3,70,False,False,False,False,False,False,1
2016-03-11,2016,3,10,11,4,71,False,False,False,False,False,False,1
2016-03-14,2016,3,11,14,0,74,False,False,False,False,False,False,1
2016-03-15,2016,3,11,15,1,75,False,False,False,False,False,False,1
2016-03-16,2016,3,11,16,2,76,False,False,False,False,False,False,1
2016-03-17,2016,3,11,17,3,77,False,False,False,False,False,False,1
2016-03-18,2016,3,11,18,4,78,False,False,False,False,False,False,1
2016-03-21,2016,3,12,21,0,81,False,False,False,False,False,False,1
2016-03-22,2016,3,12,22,1,82,False,False,False,False,False,False,1
2016-03-23,2016,3,12,23,2,83,False,False,False,False,False,False,1
2016-03-28,2016,3,13,28,0,88,False,False,False,False,False,False,1
2016-03-29,2016,3,13,29,1,89,False,False,False,False,False,False,1
2016-03-30,2016,3,13,30,2,90,False,False,False,False,False,False,1
2016-03-31,2016,3,13,31,3,91,True,False,True,False,False,False,1
2016-04-01,2016,4,13,1,4,92,False,True,False,True,False,False,1
2016-04-04,2016,4,14,4,0,95,False,False,False,False,False,False,1
2016-04-05,2016,4,14,5,1,96,False,False,False,False,False,False,1
2016-04-06,2016,4,14,6,2,97,False,False,False,False,False,False,1
2016-04-07,2016,4,14,7,3,98,False,False,False,False,False,False,1
2016-04-08,2016,4,14,8,4,99,False,False,False,False,False,False,1
2016-04-11,2016,4,15,11,0,102,False,False,False,False,False,False,1
2016-04-12,2016,4,15,12,1,103,False,False,False,False,False,False,1
2016-04-13,2016,4,15,13,2,104,False,False,False,False,False,False,1
2016-04-18,2016,4,16,18,0,109,False,False,False,False,False,False,1
2016-04-20,2016,4,16,20,2,111,False,False,False,False,False,False,1
2016-04-21,2016,4,16,21,3,112,False,False,False,False,False,False,1
2016-04-22,2016,4,16,22,4,113,False,False,False,False,False,False,1
2016-04-25,2016,4,17,25,0,116,False,False,False,False,False,False,1
2016-04-26,2016,4,17,26,1,117,False,False,False,False,False,False,1
2016-04-27,2016,4,17,27,2,118,False,False,False,False,False,False,1
2016-04-28,2016,4,17,28,3,119,False,False,False,False,False,False,1
2016-04-29,2016,4,17,29,4,120,False,False,False,False,False,False,1
2016-05-02,2016,5,18,2,0,123,False,False,False,False,False,False,1
2016-05-03,2016,5,18,3,1,124,False,False,False,False,False,False,1
2016-05-04,2016,5,18,4,2,125,False,False,False,False,False,False,1
2016-05-05,2016,5,18,5,3,126,False,False,False,False,False,False,1
2016-05-06,2016,5,18,6,4,127,False,False,False,False,False,False,1
2016-05-09,2016,5,19,9,0,130,False,False,False,False,False,False,1
2016-05-10,2016,5,19,10,1,131,False,False,False,False,False,False,1
2016-05-11,2016,5,19,11,2,132,False,False,False,False,False,False,1
2016-05-12,2016,5,19,12,3,133,False,False,False,False,False,False,1
2016-05-13,2016,5,19,13,4,134,False,False,False,False,False,False,1
2016-05-16,2016,5,20,16,0,137,False,False,False,False,False,False,1
2016-05-17,2016,5,20,17,1,138,False,False,False,False,False,False,1
2016-05-18,2016,5,20,18,2,139,False,False,False,False,False,False,1
2016-05-19,2016,5,20,19,3,140,False,False,False,False,False,False,1
2016-05-20,2016,5,20,20,4,141,False,False,False,False,False,False,1
2016-05-23,2016,5,21,23,0,144,False,False,False,False,False,False,1
2016-05-24,2016,5,21,24,1,145,False,False,False,False,False,False,1
2016-05-25,2016,5,21,25,2,146,False,False,False,False,False,False,1
2016-05-26,2016,5,21,26,3,147,False,False,False,False,False,False,1
2016-05-27,2016,5,21,27,4,148,False,False,False,False,False,False,1
2016-05-30,2016,5,22,30,0,151,False,False,False,False,False,False,1
2016-05-31,2016,5,22,31,1,152,True,False,False,False,False,False,1
2016-06-01,2016,6,22,1,2,153,False,True,False,False,False,False,1
2016-06-02,2016,6,22,2,3,154,False,False,False,False,False,False,1
2016-06-03,2016,6,22,3,4,155,False,False,False,False,False,False,1
2016-06-06,2016,6,23,6,0,158,False,False,False,False,False,False,1
2016-06-07,2016,6,23,7,1,159,False,False,False,False,False,False,1
2016-06-08,2016,6,23,8,2,160,False,False,False,False,False,False,1
2016-06-09,2016,6,23,9,3,161,False,False,False,False,False,False,1
2016-06-10,2016,6,23,10,4,162,False,False,False,False,False,False,1
2016-06-13,2016,6,24,13,0,165,False,False,False,False,False,False,1
2016-06-14,2016,6,24,14,1,166,False,False,False,False,False,False,1
2016-06-15,2016,6,24,15,2,167,False,False,False,False,False,False,1
2016-06-16,2016,6,24,16,3,168,False,False,False,False,False,False,1
2016-06-17,2016,6,24,17,4,169,False,False,False,False,False,False,1
2016-06-20,2016,6,25,20,0,172,False,False,False,False,False,False,1
2016-06-21,2016,6,25,21,1,173,False,False,False,False,False,False,1
2016-06-22,2016,6,25,22,2,174,False,False,False,False,False,False,1
2016-06-23,2016,6,25,23,3,175,False,False,False,False,False,False,1
2016-06-24,2016,6,25,24,4,176,False,False,False,False,False,False,1
2016-06-27,2016,6,26,27,0,179,False,False,False,False,False,False,1
2016-06-28,2016,6,26,28,1,180,False,False,False,False,False,False,1
2016-06-29,2016,6,26,29,2,181,False,False,False,False,False,False,1
2016-06-30,2016,6,26,30,3,182,True,False,True,False,False,False,1
2016-07-01,2016,7,26,1,4,183,False,True,False,True,False,False,1
2016-07-04,2016,7,27,4,0,186,False,False,False,False,False,False,1
2016-07-05,2016,7,27,5,1,187,False,False,False,False,False,False,1
2016-07-07,2016,7,27,7,3,189,False,False,False,False,False,False,1
2016-07-08,2016,7,27,8,4,190,False,False,False,False,False,False,1
2016-07-11,2016,7,28,11,0,193,False,False,False,False,False,False,1
2016-07-12,2016,7,28,12,1,194,False,False,False,False,False,False,1
2016-07-13,2016,7,28,13,2,195,False,False,False,False,False,False,1
2016-07-14,2016,7,28,14,3,196,False,False,False,False,False,False,1
2016-07-15,2016,7,28,15,4,197,False,False,False,False,False,False,1
2016-07-18,2016,7,29,18,0,200,False,False,False,False,False,False,1
2016-07-19,2016,7,29,19,1,201,False,False,False,False,False,False,1
2016-07-20,2016,7,29,20,2,202,False,False,False,False,False,False,1
2016-07-21,2016,7,29,21,3,203,False,False,False,False,False,False,1
2016-07-22,2016,7,29,22,4,204,False,False,False,False,False,False,1
2016-07-25,2016,7,30,25,0,207,False,False,False,False,False,False,1
2016-07-26,2016,7,30,26,1,208,False,False,False,False,False,False,1
2016-07-27,2016,7,30,27,2,209,False,False,False,False,False,False,1
2016-07-28,2016,7,30,28,3,210,False,False,False,False,False,False,1
2016-07-29,2016,7,30,29,4,211,False,False,False,False,False,False,1
2016-08-01,2016,8,31,1,0,214,False,True,False,False,False,False,1
2016-08-02,2016,8,31,2,1,215,False,False,False,False,False,False,1
2016-08-03,2016,8,31,3,2,216,False,False,False,False,False,False,1
2016-08-04,2016,8,31,4,3,217,False,False,False,False,False,False,1
2016-08-05,2016,8,31,5,4,218,False,False,False,False,False,False,1
2016-08-08,2016,8,32,8,0,221,False,False,False,False,False,False,1
2016-08-09,2016,8,32,9,1,222,False,False,False,False,False,False,1
2016-08-10,2016,8,32,10,2,223,False,False,False,False,False,False,1
2016-08-11,2016,8,32,11,3,224,False,False,False,False,False,False,1
2016-08-12,2016,8,32,12,4,225,False,False,False,False,False,False,1
2016-08-16,2016,8,33,16,1,229,False,False,False,False,False,False,1
2016-08-17,2016,8,33,17,2,230,False,False,False,False,False,False,1
2016-08-18,2016,8,33,18,3,231,False,False,False,False,False,False,1
2016-08-19,2016,8,33,19,4,232,False,False,False,False,False,False,1
2016-08-22,2016,8,34,22,0,235,False,False,False,False,False,False,1
2016-08-23,2016,8,34,23,1,236,False,False,False,False,False,False,1
2016-08-24,2016,8,34,24,2,237,False,False,False,False,False,False,1
2016-08-25,2016,8,34,25,3,238,False,False,False,False,False,False,1
2016-08-26,2016,8,34,26,4,239,False,False,False,False,False,False,1
2016-08-29,2016,8,35,29,0,242,False,False,False,False,False,False,1
2016-08-30,2016,8,35,30,1,243,False,False,False,False,False,False,1
2016-08-31,2016,8,35,31,2,244,True,False,False,False,False,False,1
2016-09-01,2016,9,35,1,3,245,False,True,False,False,False,False,1
2016-09-02,2016,9,35,2,4,246,False,False,False,False,False,False,1
2016-09-06,2016,9,36,6,1,250,False,False,False,False,False,False,1
2016-09-07,2016,9,36,7,2,251,False,False,False,False,False,False,1
2016-09-08,2016,9,36,8,3,252,False,False,False,False,False,False,1
2016-09-09,2016,9,36,9,4,253,False,False,False,False,False,False,1
2016-09-12,2016,9,37,12,0,256,False,False,False,False,False,False,1
2016-09-14,2016,9,37,14,2,258,False,False,False,False,False,False,1
2016-09-15,2016,9,37,15,3,259,False,False,False,False,False,False,1
2016-09-16,2016,9,37,16,4,260,False,False,False,False,False,False,1
2016-09-19,2016,9,38,19,0,263,False,False,False,False,False,False,1
2016-09-20,2016,9,38,20,1,264,False,False,False,False,False,False,1
2016-09-21,2016,9,38,21,2,265,False,False,False,False,False,False,1
2016-09-22,2016,9,38,22,3,266,False,False,False,False,False,False,1
2016-09-23,2016,9,38,23,4,267,False,False,False,False,False,False,1
2016-09-26,2016,9,39,26,0,270,False,False,False,False,False,False,1
2016-09-27,2016,9,39,27,1,271,False,False,False,False,False,False,1
2016-09-28,2016,9,39,28,2,272,False,False,False,False,False,False,1
2016-09-29,2016,9,39,29,3,273,False,False,False,False,False,False,1
2016-09-30,2016,9,39,30,4,274,True,False,True,False,False,False,1
2016-10-03,2016,10,40,3,0,277,False,False,False,False,False,False,1
2016-10-04,2016,10,40,4,1,278,False,False,False,False,False,False,1
2016-10-05,2016,10,40,5,2,279,False,False,False,False,False,False,1
2016-10-06,2016,10,40,6,3,280,False,False,False,False,False,False,1
2016-10-07,2016,10,40,7,4,281,False,False,False,False,False,False,1
2016-10-10,2016,10,41,10,0,284,False,False,False,False,False,False,1
2016-10-13,2016,10,41,13,3,287,False,False,False,False,False,False,1
2016-10-14,2016,10,41,14,4,288,False,False,False,False,False,False,1
2016-10-17,2016,10,42,17,0,291,False,False,False,False,False,False,1
2016-10-18,2016,10,42,18,1,292,False,False,False,False,False,False,1
2016-10-19,2016,10,42,19,2,293,False,False,False,False,False,False,1
2016-10-20,2016,10,42,20,3,294,False,False,False,False,False,False,1
2016-10-21,2016,10,42,21,4,295,False,False,False,False,False,False,1
2016-10-24,2016,10,43,24,0,298,False,False,False,False,False,False,1
2016-10-25,2016,10,43,25,1,299,False,False,False,False,False,False,1
2016-10-26,2016,10,43,26,2,300,False,False,False,False,False,False,1
2016-10-27,2016,10,43,27,3,301,False,False,False,False,False,False,1
2016-10-28,2016,10,43,28,4,302,False,False,False,False,False,False,1
2016-10-30,2016,10,43,30,6,304,False,False,False,False,False,False,1
2016-11-01,2016,11,44,1,1,306,False,True,False,False,False,False,1
2016-11-02,2016,11,44,2,2,307,False,False,False,False,False,False,1
2016-11-03,2016,11,44,3,3,308,False,False,False,False,False,False,1
2016-11-04,2016,11,44,4,4,309,False,False,False,False,False,False,1
2016-11-07,2016,11,45,7,0,312,False,False,False,False,False,False,1
2016-11-08,2016,11,45,8,1,313,False,False,False,False,False,False,1
2016-11-09,2016,11,45,9,2,314,False,False,False,False,False,False,1
2016-11-10,2016,11,45,10,3,315,False,False,False,False,False,False,1
2016-11-11,2016,11,45,11,4,316,False,False,False,False,False,False,1
2016-11-15,2016,11,46,15,1,320,False,False,False,False,False,False,1
2016-11-16,2016,11,46,16,2,321,False,False,False,False,False,False,1
2016-11-17,2016,11,46,17,3,322,False,False,False,False,False,False,1
2016-11-18,2016,11,46,18,4,323,False,False,False,False,False,False,1
2016-11-21,2016,11,47,21,0,326,False,False,False,False,False,False,1
2016-11-22,2016,11,47,22,1,327,False,False,False,False,False,False,1
2016-11-23,2016,11,47,23,2,328,False,False,False,False,False,False,1
2016-11-24,2016,11,47,24,3,329,False,False,False,False,False,False,1
2016-11-25,2016,11,47,25,4,330,False,False,False,False,False,False,1
2016-11-28,2016,11,48,28,0,333,False,False,False,False,False,False,1
2016-11-29,2016,11,48,29,1,334,False,False,False,False,False,False,1
2016-11-30,2016,11,48,30,2,335,True,False,False,False,False,False,1
2016-12-01,2016,12,48,1,3,336,False,True,False,False,False,False,1
2016-12-02,2016,12,48,2,4,337,False,False,False,False,False,False,1
2016-12-05,2016,12,49,5,0,340,False,False,False,False,False,False,1
2016-12-06,2016,12,49,6,1,341,False,False,False,False,False,False,1
2016-12-07,2016,12,49,7,2,342,False,False,False,False,False,False,1
2016-12-08,2016,12,49,8,3,343,False,False,False,False,False,False,1
2016-12-09,2016,12,49,9,4,344,False,False,False,False,False,False,1
2016-12-12,2016,12,50,12,0,347,False,False,False,False,False,False,1
2016-12-13,2016,12,50,13,1,348,False,False,False,False,False,False,1
2016-12-14,2016,12,50,14,2,349,False,False,False,False,False,False,1
2016-12-15,2016,12,50,15,3,350,False,False,False,False,False,False,1
2016-12-16,2016,12,50,16,4,351,False,False,False,False,False,False,1
2016-12-19,2016,12,51,19,0,354,False,False,False,False,False,False,1
2016-12-20,2016,12,51,20,1,355,False,False,False,False,False,False,1
2016-12-21,2016,12,51,21,2,356,False,False,False,False,False,False,1
2016-12-22,2016,12,51,22,3,357,False,False,False,False,False,False,1
2016-12-23,2016,12,51,23,4,358,False,False,False,False,False,False,1
2016-12-26,2016,12,52,26,0,361,False,False,False,False,False,False,1
2016-12-27,2016,12,52,27,1,362,False,False,False,False,False,False,1
2016-12-28,2016,12,52,28,2,363,False,False,False,False,False,False,1
2016-12-29,2016,12,52,29,3,364,False,False,False,False,False,False,1
2016-12-30,2016,12,52,30,4,365,False,False,False,False,False,False,1
2017-01-02,2017,1,1,2,0,2,False,False,False,False,False,False,1
2017-01-03,2017,1,1,3,1,3,False,False,False,False,False,False,1
2017-01-04,2017,1,1,4,2,4,False,False,False,False,False,False,1
2017-01-05,2017,1,1,5,3,5,False,False,False,False,False,False,1
2017-01-06,2017,1,1,6,4,6,False,False,False,False,False,False,1
2017-01-09,2017,1,2,9,0,9,False,False,False,False,False,False,1
2017-01-10,2017,1,2,10,1,10,False,False,False,False,False,False,1
2017-01-11,2017,1,2,11,2,11,False,False,False,False,False,False,1
2017-01-12,2017,1,2,12,3,12,False,False,False,False,False,False,1
2017-01-13,2017,1,2,13,4,13,False,False,False,False,False,False,1
2017-01-16,2017,1,3,16,0,16,False,False,False,False,False,False,1
2017-01-17,2017,1,3,17,1,17,False,False,False,False,False,False,1
2017-01-18,2017,1,3,18,2,18,False,False,False,False,False,False,1
2017-01-19,2017,1,3,19,3,19,False,False,False,False,False,False,1
2017-01-20,2017,1,3,20,4,20,False,False,False,False,False,False,1
2017-01-23,2017,1,4,23,0,23,False,False,False,False,False,False,1
2017-01-24,2017,1,4,24,1,24,False,False,False,False,False,False,1
2017-01-25,2017,1,4,25,2,25,False,False,False,False,False,False,1
2017-01-27,2017,1,4,27,4,27,False,False,False,False,False,False,1
2017-01-30,2017,1,5,30,0,30,False,False,False,False,False,False,1
2017-01-31,2017,1,5,31,1,31,True,False,False,False,False,False,1
2017-02-01,2017,2,5,1,2,32,False,True,False,False,False,False,1
2017-02-02,2017,2,5,2,3,33,False,False,False,False,False,False,1
2017-02-03,2017,2,5,3,4,34,False,False,False,False,False,False,1
2017-02-06,2017,2,6,6,0,37,False,False,False,False,False,False,1
2017-02-07,2017,2,6,7,1,38,False,False,False,False,False,False,1
2017-02-08,2017,2,6,8,2,39,False,False,False,False,False,False,1
2017-02-09,2017,2,6,9,3,40,False,False,False,False,False,False,1
2017-02-10,2017,2,6,10,4,41,False,False,False,False,False,False,1
2017-02-13,2017,2,7,13,0,44,False,False,False,False,False,False,1
2017-02-14,2017,2,7,14,1,45,False,False,False,False,False,False,1
2017-02-15,2017,2,7,15,2,46,False,False,False,False,False,False,1
2017-02-16,2017,2,7,16,3,47,False,False,False,False,False,False,1
2017-02-17,2017,2,7,17,4,48,False,False,False,False,False,False,1
2017-02-20,2017,2,8,20,0,51,False,False,False,False,False,False,1
2017-02-21,2017,2,8,21,1,52,False,False,False,False,False,False,1
2017-02-22,2017,2,8,22,2,53,False,False,False,False,False,False,1
2017-02-23,2017,2,8,23,3,54,False,False,False,False,False,False,1
2017-02-27,2017,2,9,27,0,58,False,False,False,False,False,False,1
2017-02-28,2017,2,9,28,1,59,True,False,False,False,False,False,1
2017-03-01,2017,3,9,1,2,60,False,True,False,False,False,False,1
2017-03-02,2017,3,9,2,3,61,False,False,False,False,False,False,1
2017-03-03,2017,3,9,3,4,62,False,False,False,False,False,False,1
2017-03-06,2017,3,10,6,0,65,False,False,False,False,False,False,1
2017-03-07,2017,3,10,7,1,66,False,False,False,False,False,False,1
2017-03-08,2017,3,10,8,2,67,False,False,False,False,False,False,1
2017-03-09,2017,3,10,9,3,68,False,False,False,False,False,False,1
2017-03-10,2017,3,10,10,4,69,False,False,False,False,False,False,1
2017-03-14,2017,3,11,14,1,73,False,False,False,False,False,False,1
2017-03-15,2017,3,11,15,2,74,False,False,False,False,False,False,1
2017-03-16,2017,3,11,16,3,75,False,False,False,False,False,False,1
2017-03-17,2017,3,11,17,4,76,False,False,False,False,False,False,1
2017-03-20,2017,3,12,20,0,79,False,False,False,False,False,False,1
2017-03-21,2017,3,12,21,1,80,False,False,False,False,False,False,1
2017-03-22,2017,3,12,22,2,81,False,False,False,False,False,False,1
2017-03-23,2017,3,12,23,3,82,False,False,False,False,False,False,1
2017-03-24,2017,3,12,24,4,83,False,False,False,False,False,False,1
2017-03-27,2017,3,13,27,0,86,False,False,False,False,False,False,1
2017-03-28,2017,3,13,28,1,87,False,False,False,False,False,False,1
2017-03-29,2017,3,13,29,2,88,False,False,False,False,False,False,1
2017-03-30,2017,3,13,30,3,89,False,False,False,False,False,False,1
2017-03-31,2017,3,13,31,4,90,True,False,True,False,False,False,1
2017-04-03,2017,4,14,3,0,93,False,False,False,False,False,False,1
2017-04-05,2017,4,14,5,2,95,False,False,False,False,False,False,1
2017-04-06,2017,4,14,6,3,96,False,False,False,False,False,False,1
2017-04-07,2017,4,14,7,4,97,False,False,False,False,False,False,1
2017-04-10,2017,4,15,10,0,100,False,False,False,False,False,False,1
2017-04-11,2017,4,15,11,1,101,False,False,False,False,False,False,1
2017-04-12,2017,4,15,12,2,102,False,False,False,False,False,False,1
2017-04-13,2017,4,15,13,3,103,False,False,False,False,False,False,1
2017-04-17,2017,4,16,17,0,107,False,False,False,False,False,False,1
2017-04-18,2017,4,16,18,1,108,False,False,False,False,False,False,1
2017-04-19,2017,4,16,19,2,109,False,False,False,False,False,False,1
2017-04-20,2017,4,16,20,3,110,False,False,False,False,False,False,1
2017-04-21,2017,4,16,21,4,111,False,False,False,False,False,False,1
2017-04-24,2017,4,17,24,0,114,False,False,False,False,False,False,1
2017-04-25,2017,4,17,25,1,115,False,False,False,False,False,False,1
2017-04-26,2017,4,17,26,2,116,False,False,False,False,False,False,1
2017-04-27,2017,4,17,27,3,117,False,False,False,False,False,False,1
2017-04-28,2017,4,17,28,4,118,False,False,False,False,False,False,1
2017-05-02,2017,5,18,2,1,122,False,False,False,False,False,False,1
2017-05-03,2017,5,18,3,2,123,False,False,False,False,False,False,1
2017-05-04,2017,5,18,4,3,124,False,False,False,False,False,False,1
2017-05-05,2017,5,18,5,4,125,False,False,False,False,False,False,1
2017-05-08,2017,5,19,8,0,128,False,False,False,False,False,False,1
2017-05-09,2017,5,19,9,1,129,False,False,False,False,False,False,1
2017-05-10,2017,5,19,10,2,130,False,False,False,False,False,False,1
2017-05-11,2017,5,19,11,3,131,False,False,False,False,False,False,1
2017-05-12,2017,5,19,12,4,132,False,False,False,False,False,False,1
2017-05-15,2017,5,20,15,0,135,False,False,False,False,False,False,1
2017-05-16,2017,5,20,16,1,136,False,False,False,False,False,False,1
2017-05-17,2017,5,20,17,2,137,False,False,False,False,False,False,1
2017-05-18,2017,5,20,18,3,138,False,False,False,False,False,False,1
2017-05-19,2017,5,20,19,4,139,False,False,False,False,False,False,1
2017-05-22,2017,5,21,22,0,142,False,False,False,False,False,False,1
2017-05-23,2017,5,21,23,1,143,False,False,False,False,False,False,1
2017-05-24,2017,5,21,24,2,144,False,False,False,False,False,False,1
2017-05-25,2017,5,21,25,3,145,False,False,False,False,False,False,1
2017-05-26,2017,5,21,26,4,146,False,False,False,False,False,False,1
2017-05-29,2017,5,22,29,0,149,False,False,False,False,False,False,1
2017-05-30,2017,5,22,30,1,150,False,False,False,False,False,False,1
2017-05-31,2017,5,22,31,2,151,True,False,False,False,False,False,1
2017-06-01,2017,6,22,1,3,152,False,True,False,False,False,False,1
2017-06-02,2017,6,22,2,4,153,False,False,False,False,False,False,1
2017-06-05,2017,6,23,5,0,156,False,False,False,False,False,False,1
2017-06-06,2017,6,23,6,1,157,False,False,False,False,False,False,1
2017-06-07,2017,6,23,7,2,158,False,False,False,False,False,False,1
2017-06-08,2017,6,23,8,3,159,False,False,False,False,False,False,1
2017-06-09,2017,6,23,9,4,160,False,False,False,False,False,False,1
2017-06-12,2017,6,24,12,0,163,False,False,False,False,False,False,1
2017-06-13,2017,6,24,13,1,164,False,False,False,False,False,False,1
2017-06-14,2017,6,24,14,2,165,False,False,False,False,False,False,1
2017-06-15,2017,6,24,15,3,166,False,False,False,False,False,False,1
2017-06-16,2017,6,24,16,4,167,False,False,False,False,False,False,1
2017-06-19,2017,6,25,19,0,170,False,False,False,False,False,False,1
2017-06-20,2017,6,25,20,1,171,False,False,False,False,False,False,1
2017-06-21,2017,6,25,21,2,172,False,False,False,False,False,False,1
2017-06-22,2017,6,25,22,3,173,False,False,False,False,False,False,1
2017-06-23,2017,6,25,23,4,174,False,False,False,False,False,False,1
2017-06-27,2017,6,26,27,1,178,False,False,False,False,False,False,1
2017-06-28,2017,6,26,28,2,179,False,False,False,False,False,False,1
2017-06-29,2017,6,26,29,3,180,False,False,False,False,False,False,1
2017-06-30,2017,6,26,30,4,181,True,False,True,False,False,False,1
2017-07-03,2017,7,27,3,0,184,False,False,False,False,False,False,1
2017-07-04,2017,7,27,4,1,185,False,False,False,False,False,False,1
2017-07-05,2017,7,27,5,2,186,False,False,False,False,False,False,1
2017-07-06,2017,7,27,6,3,187,False,False,False,False,False,False,1
2017-07-07,2017,7,27,7,4,188,False,False,False,False,False,False,1
2017-07-10,2017,7,28,10,0,191,False,False,False,False,False,False,1
2017-07-11,2017,7,28,11,1,192,False,False,False,False,False,False,1
2017-07-12,2017,7,28,12,2,193,False,False,False,False,False,False,1
2017-07-13,2017,7,28,13,3,194,False,False,False,False,False,False,1
2017-07-14,2017,7,28,14,4,195,False,False,False,False,False,False,1
2017-07-17,2017,7,29,17,0,198,False,False,False,False,False,False,1
2017-07-18,2017,7,29,18,1,199,False,False,False,False,False,False,1
2017-07-19,2017,7,29,19,2,200,False,False,False,False,False,False,1
2017-07-20,2017,7,29,20,3,201,False,False,False,False,False,False,1
2017-07-21,2017,7,29,21,4,202,False,False,False,False,False,False,1
2017-07-24,2017,7,30,24,0,205,False,False,False,False,False,False,1
2017-07-25,2017,7,30,25,1,206,False,False,False,False,False,False,1
2017-07-26,2017,7,30,26,2,207,False,False,False,False,False,False,1
2017-07-27,2017,7,30,27,3,208,False,False,False,False,False,False,1
2017-07-28,2017,7,30,28,4,209,False,False,False,False,False,False,1
2017-07-31,2017,7,31,31,0,212,True,False,False,False,False,False,1
2017-08-01,2017,8,31,1,1,213,False,True,False,False,False,False,1
2017-08-02,2017,8,31,2,2,214,False,False,False,False,False,False,1
2017-08-03,2017,8,31,3,3,215,False,False,False,False,False,False,1
2017-08-04,2017,8,31,4,4,216,False,False,False,False,False,False,1
2017-08-07,2017,8,32,7,0,219,False,False,False,False,False,False,1
2017-08-08,2017,8,32,8,1,220,False,False,False,False,False,False,1
2017-08-09,2017,8,32,9,2,221,False,False,False,False,False,False,1
2017-08-10,2017,8,32,10,3,222,False,False,False,False,False,False,1
2017-08-11,2017,8,32,11,4,223,False,False,False,False,False,False,1
2017-08-14,2017,8,33,14,0,226,False,False,False,False,False,False,1
2017-08-16,2017,8,33,16,2,228,False,False,False,False,False,False,1
2017-08-17,2017,8,33,17,3,229,False,False,False,False,False,False,1
2017-08-18,2017,8,33,18,4,230,False,False,False,False,False,False,1
2017-08-21,2017,8,34,21,0,233,False,False,False,False,False,False,1
2017-08-22,2017,8,34,22,1,234,False,False,False,False,False,False,1
2017-08-23,2017,8,34,23,2,235,False,False,False,False,False,False,1
2017-08-24,2017,8,34,24,3,236,False,False,False,False,False,False,1
2017-08-28,2017,8,35,28,0,240,False,False,False,False,False,False,1
2017-08-29,2017,8,35,29,1,241,False,False,False,False,False,False,1
2017-08-30,2017,8,35,30,2,242,False,False,False,False,False,False,1
2017-08-31,2017,8,35,31,3,243,True,False,False,False,False,False,1
2017-09-01,2017,9,35,1,4,244,False,True,False,False,False,False,1
2017-09-04,2017,9,36,4,0,247,False,False,False,False,False,False,1
2017-09-05,2017,9,36,5,1,248,False,False,False,False,False,False,1
2017-09-06,2017,9,36,6,2,249,False,False,False,False,False,False,1
2017-09-07,2017,9,36,7,3,250,False,False,False,False,False,False,1
2017-09-08,2017,9,36,8,4,251,False,False,False,False,False,False,1
2017-09-11,2017,9,37,11,0,254,False,False,False,False,False,False,1
2017-09-12,2017,9,37,12,1,255,False,False,False,False,False,False,1
2017-09-13,2017,9,37,13,2,256,False,False,False,False,False,False,1
2017-09-14,2017,9,37,14,3,257,False,False,False,False,False,False,1
2017-09-15,2017,9,37,15,4,258,False,False,False,False,False,False,1
2017-09-18,2017,9,38,18,0,261,False,False,False,False,False,False,1
2017-09-19,2017,9,38,19,1,262,False,False,False,False,False,False,1
2017-09-20,2017,9,38,20,2,263,False,False,False,False,False,False,1
2017-09-21,2017,9,38,21,3,264,False,False,False,False,False,False,1
2017-09-22,2017,9,38,22,4,265,False,False,False,False,False,False,1
2017-09-25,2017,9,39,25,0,268,False,False,False,False,False,False,1
2017-09-26,2017,9,39,26,1,269,False,False,False,False,False,False,1
2017-09-27,2017,9,39,27,2,270,False,False,False,False,False,False,1
2017-09-28,2017,9,39,28,3,271,False,False,False,False,False,False,1
2017-09-29,2017,9,39,29,4,272,False,False,False,False,False,False,1
2017-10-03,2017,10,40,3,1,276,False,False,False,False,False,False,1
2017-10-04,2017,10,40,4,2,277,False,False,False,False,False,False,1
2017-10-05,2017,10,40,5,3,278,False,False,False,False,False,False,1
2017-10-06,2017,10,40,6,4,279,False,False,False,False,False,False,1
